{"cameraMode":{"drawMode":0,"name":"Shaded","section":"Shading Mode"},"sceneLighting":true,"audioPlay":false,"sceneViewState":{"m_AlwaysRefresh":false,"showFog":true,"showSkybox":true,"showFlares":true,"showImageEffects":true,"showParticleSystems":true,"showVisualEffectGraphs":true,"m_FxEnabled":true},"in2DMode":false,"pivot":{"x":-1.687749981880188,"y":75.7709732055664,"z":-26.71925163269043},"rotation":{"x":-0.48715025186538699,"y":-0.0005145756877027452,"z":0.00028855999698862433,"w":-0.8733484745025635},"size":25.039968490600587,"orthographic":false}